"AGE","CLASSE","SEXE","DATE"
78.4,"ouvrier",1,"1970-1980"
85,"ouvrier",2,"1970-1980"
84,"ouvrier",2,"1970-1980"
95.9,"employe",2,"1970-1980"
70.6,"employe",2,"1970-1980"
66.7,"employe",2,"1970-1980"
85.7,"ouvrier",2,"1970-1980"
91.7,"cadre",2,"1970-1980"
76.8,"cadre",2,"1970-1980"
68.3,"employe",1,"1970-1980"
90.6,"employe",2,"1970-1980"
90.3,"ouvrier",2,"1970-1980"
62.8,"employe",1,"1970-1980"
70.8,"employe",1,"1970-1980"
70.3,"employe",1,"1970-1980"
103.1,"ouvrier",1,"1970-1980"
67,"employe",1,"1970-1980"
71.4,"employe",1,"1970-1980"
72.7,"employe",2,"1970-1980"
93.4,"cadre",2,"1970-1980"
62.1,"ouvrier",1,"1970-1980"
57.2,"employe",1,"1970-1980"
85,"ouvrier",2,"1970-1980"
73.4,"ouvrier",1,"1970-1980"
69.5,"cadre",1,"1970-1980"
95.2,"employe",2,"1970-1980"
77.1,"ouvrier",2,"1970-1980"
85.4,"employe",1,"1970-1980"
75.4,"ouvrier",2,"1970-1980"
64.3,"ouvrier",2,"1970-1980"
74.3,"employe",1,"1970-1980"
82.7,"ouvrier",2,"1970-1980"
79.7,"ouvrier",1,"1970-1980"
103.6,"employe",2,"1970-1980"
71.3,"employe",1,"1970-1980"
84.6,"employe",2,"1970-1980"
60.8,"employe",1,"1970-1980"
68,"ouvrier",1,"1970-1980"
81.7,"ouvrier",2,"1970-1980"
80.3,"ouvrier",2,"1970-1980"
63,"ouvrier",1,"1970-1980"
38.7,"ouvrier",2,"1970-1980"
65.4,"ouvrier",2,"1970-1980"
87,"cadre",1,"1970-1980"
82.8,"employe",2,"1970-1980"
73.6,"employe",2,"1970-1980"
66.2,"employe",1,"1970-1980"
61.1,"ouvrier",1,"1970-1980"
75.6,"employe",1,"1970-1980"
70.1,"ouvrier",2,"1970-1980"
85.6,"employe",2,"1970-1980"
78.6,"cadre",2,"1970-1980"
81.1,"ouvrier",2,"1970-1980"
84.4,"ouvrier",2,"1970-1980"
81.9,"employe",2,"1970-1980"
90.8,"cadre",2,"1970-1980"
56.7,"employe",1,"1970-1980"
90.1,"ouvrier",2,"1970-1980"
76.5,"employe",2,"1970-1980"
73,"employe",2,"1970-1980"
84,"ouvrier",1,"1970-1980"
65.4,"cadre",2,"1970-1980"
64.2,"ouvrier",1,"1970-1980"
74.9,"cadre",2,"1970-1980"
72.6,"employe",1,"1970-1980"
74,"employe",2,"1970-1980"
95.9,"cadre",2,"1970-1980"
70.9,"employe",1,"1970-1980"
77.2,"cadre",1,"1970-1980"
77.1,"employe",1,"1970-1980"
60.8,"ouvrier",1,"1970-1980"
69.6,"ouvrier",2,"1970-1980"
90.5,"cadre",1,"1970-1980"
72.3,"employe",1,"1970-1980"
76.2,"employe",2,"1970-1980"
95.7,"employe",2,"1970-1980"
73.8,"cadre",1,"1970-1980"
62.6,"employe",2,"1970-1980"
86.5,"employe",2,"1970-1980"
79.9,"cadre",1,"1970-1980"
84,"ouvrier",2,"1970-1980"
86.9,"employe",1,"1970-1980"
59.2,"ouvrier",1,"1970-1980"
76.5,"cadre",2,"1970-1980"
78.9,"employe",1,"1970-1980"
57,"ouvrier",1,"1970-1980"
88.8,"ouvrier",2,"1970-1980"
67.3,"ouvrier",1,"1970-1980"
68.8,"employe",1,"1970-1980"
82.8,"ouvrier",2,"1970-1980"
96.8,"employe",1,"1970-1980"
86.6,"employe",2,"1970-1980"
65.5,"employe",1,"1970-1980"
75.6,"ouvrier",1,"1970-1980"
58.2,"employe",1,"1970-1980"
86.1,"employe",2,"1970-1980"
78.4,"employe",2,"1970-1980"
87.9,"ouvrier",2,"1970-1980"
63.3,"employe",1,"1970-1980"
69.4,"ouvrier",1,"1970-1980"
57.4,"employe",1,"1970-1980"
73.7,"employe",1,"1970-1980"
97.2,"employe",1,"1970-1980"
86.6,"employe",2,"1970-1980"
69.7,"employe",1,"1970-1980"
83.3,"employe",2,"1970-1980"
94.1,"cadre",1,"1970-1980"
80.1,"cadre",1,"1970-1980"
88.6,"cadre",1,"1970-1980"
66.8,"employe",2,"1970-1980"
77.5,"ouvrier",1,"1970-1980"
82.9,"ouvrier",2,"1970-1980"
88.4,"employe",1,"1970-1980"
77.9,"employe",2,"1970-1980"
66.1,"employe",1,"1970-1980"
79.8,"ouvrier",1,"1970-1980"
61.4,"employe",1,"1970-1980"
80.6,"employe",1,"1970-1980"
63.5,"employe",1,"1970-1980"
63,"employe",1,"1970-1980"
93.2,"employe",2,"1970-1980"
88.1,"ouvrier",2,"1970-1980"
69,"ouvrier",2,"1970-1980"
81.2,"cadre",2,"1970-1980"
93.1,"employe",2,"1970-1980"
70,"employe",1,"1970-1980"
59.4,"cadre",1,"1970-1980"
79.6,"employe",2,"1970-1980"
77.8,"employe",2,"1970-1980"
78.5,"cadre",2,"1970-1980"
79.1,"ouvrier",1,"1970-1980"
70.6,"employe",2,"1970-1980"
72.7,"employe",1,"1970-1980"
79.4,"employe",1,"1970-1980"
83.5,"employe",2,"1970-1980"
72.5,"ouvrier",1,"1970-1980"
92.7,"employe",2,"1970-1980"
67.9,"ouvrier",2,"1970-1980"
95.7,"ouvrier",2,"1970-1980"
58.3,"employe",1,"1970-1980"
77.3,"ouvrier",2,"1970-1980"
92.5,"cadre",2,"1970-1980"
62.7,"ouvrier",1,"1970-1980"
63,"ouvrier",1,"1970-1980"
84.9,"ouvrier",1,"1970-1980"
76.1,"employe",2,"1970-1980"
70.7,"employe",1,"1970-1980"
81.6,"cadre",2,"1970-1980"
76.2,"employe",2,"1970-1980"
85.1,"employe",2,"1970-1980"
72.2,"cadre",2,"1970-1980"
48.2,"ouvrier",1,"1970-1980"
77.6,"ouvrier",2,"1970-1980"
49.6,"employe",1,"1970-1980"
68.9,"employe",1,"1970-1980"
88.3,"cadre",2,"1970-1980"
98.1,"cadre",1,"1970-1980"
83.9,"cadre",2,"1970-1980"
85.6,"cadre",1,"1970-1980"
60.7,"employe",1,"1970-1980"
84.4,"cadre",2,"1970-1980"
62.5,"employe",1,"1970-1980"
71.6,"employe",1,"1970-1980"
80.3,"cadre",1,"1970-1980"
69.4,"ouvrier",2,"1970-1980"
52.5,"ouvrier",1,"1970-1980"
88.1,"ouvrier",2,"1970-1980"
86.2,"employe",2,"1970-1980"
86.7,"ouvrier",2,"1970-1980"
79.8,"employe",1,"1970-1980"
72.5,"ouvrier",2,"1970-1980"
70.4,"employe",1,"1970-1980"
89.1,"employe",2,"1970-1980"
96.1,"employe",1,"1970-1980"
86.9,"ouvrier",1,"1970-1980"
55.4,"ouvrier",2,"1970-1980"
70.9,"cadre",1,"1970-1980"
59.9,"ouvrier",2,"1970-1980"
69.4,"employe",1,"1970-1980"
80,"employe",1,"1970-1980"
88.3,"ouvrier",1,"1970-1980"
65.4,"employe",1,"1970-1980"
52.6,"ouvrier",2,"1970-1980"
80.8,"employe",2,"1970-1980"
78,"employe",1,"1970-1980"
80.9,"ouvrier",2,"1970-1980"
80.7,"ouvrier",2,"1970-1980"
92.1,"employe",2,"1970-1980"
84.5,"ouvrier",2,"1970-1980"
92.2,"cadre",1,"1970-1980"
57.6,"employe",1,"1970-1980"
78.8,"cadre",1,"1970-1980"
66.4,"ouvrier",1,"1970-1980"
60.4,"employe",1,"1970-1980"
75,"employe",1,"1970-1980"
80.3,"employe",2,"1970-1980"
94.6,"cadre",2,"1970-1980"
75.5,"employe",2,"1970-1980"
75.4,"cadre",1,"1970-1980"
87.4,"employe",2,"1970-1980"
77.9,"employe",1,"1970-1980"
80.3,"cadre",2,"1970-1980"
69,"ouvrier",2,"1970-1980"
53.4,"employe",1,"1970-1980"
68.3,"employe",2,"1970-1980"
45.1,"ouvrier",1,"1970-1980"
69.3,"ouvrier",2,"1970-1980"
78.8,"ouvrier",1,"1970-1980"
62.3,"employe",2,"1970-1980"
59.8,"ouvrier",1,"1970-1980"
54.7,"employe",1,"1970-1980"
80.1,"ouvrier",2,"1970-1980"
93.8,"employe",2,"1970-1980"
91.8,"ouvrier",2,"1970-1980"
52.8,"employe",1,"1970-1980"
75.6,"employe",1,"1970-1980"
88.7,"cadre",2,"1970-1980"
84.7,"employe",2,"1970-1980"
77.7,"employe",2,"1970-1980"
92.3,"employe",2,"1970-1980"
80.4,"employe",1,"1970-1980"
81.3,"employe",1,"1970-1980"
72.3,"ouvrier",1,"1970-1980"
89.8,"employe",2,"1970-1980"
84,"cadre",1,"1970-1980"
65,"employe",1,"1970-1980"
52.5,"employe",1,"1970-1980"
64,"employe",1,"1970-1980"
77.2,"cadre",1,"1970-1980"
110.7,"ouvrier",1,"1970-1980"
85,"ouvrier",1,"1970-1980"
77.6,"employe",2,"1970-1980"
63.5,"employe",2,"1970-1980"
76.1,"employe",1,"1970-1980"
75.8,"cadre",1,"1970-1980"
56.8,"ouvrier",1,"1970-1980"
91.4,"cadre",1,"1970-1980"
69.7,"employe",1,"1970-1980"
88,"cadre",2,"1970-1980"
71.9,"employe",2,"1970-1980"
66,"employe",1,"1970-1980"
62.9,"employe",2,"1970-1980"
78.2,"ouvrier",1,"1970-1980"
74.9,"employe",2,"1970-1980"
77.4,"employe",1,"1970-1980"
79.2,"employe",2,"1970-1980"
84.8,"ouvrier",1,"1970-1980"
83.2,"cadre",1,"1970-1980"
85.3,"cadre",1,"1970-1980"
80.1,"cadre",1,"1970-1980"
58.4,"ouvrier",1,"1970-1980"
95,"ouvrier",1,"1970-1980"
57.9,"employe",2,"1970-1980"
79.4,"ouvrier",2,"1970-1980"
76.3,"cadre",2,"1970-1980"
69.5,"ouvrier",1,"1970-1980"
42.9,"employe",1,"1970-1980"
78,"employe",1,"1970-1980"
72.5,"cadre",1,"1970-1980"
63.6,"employe",2,"1970-1980"
102,"employe",2,"1970-1980"
75,"ouvrier",1,"1970-1980"
76.8,"ouvrier",1,"1970-1980"
92.2,"employe",2,"1970-1980"
61.2,"ouvrier",1,"1970-1980"
84.1,"employe",2,"1970-1980"
76.2,"ouvrier",2,"1970-1980"
59.8,"cadre",1,"1970-1980"
80,"ouvrier",2,"1970-1980"
81.8,"cadre",1,"1970-1980"
62.4,"cadre",1,"1970-1980"
72.6,"employe",2,"1970-1980"
71,"cadre",2,"1970-1980"
77.7,"employe",1,"1970-1980"
64.6,"employe",1,"1970-1980"
77.5,"employe",2,"1970-1980"
66.9,"employe",1,"1970-1980"
50.8,"ouvrier",1,"1970-1980"
84.3,"employe",2,"1970-1980"
80,"employe",1,"1970-1980"
67.6,"ouvrier",2,"1970-1980"
80,"employe",1,"1970-1980"
71.3,"employe",1,"1970-1980"
68.3,"ouvrier",2,"1970-1980"
71.3,"employe",2,"1970-1980"
92.5,"employe",2,"1970-1980"
57.9,"ouvrier",1,"1970-1980"
64.5,"employe",1,"1970-1980"
79.3,"employe",1,"1970-1980"
77.1,"ouvrier",2,"1970-1980"
62.8,"ouvrier",1,"1970-1980"
73.5,"employe",1,"1970-1980"
89.7,"cadre",1,"1970-1980"
68.6,"ouvrier",1,"1970-1980"
70.6,"employe",1,"1970-1980"
73.6,"employe",1,"1970-1980"
74.5,"employe",1,"1970-1980"
73.1,"ouvrier",2,"1970-1980"
83.7,"cadre",2,"1970-1980"
80.9,"ouvrier",2,"1970-1980"
82.6,"employe",2,"1970-1980"
76.5,"ouvrier",2,"1970-1980"
87.5,"employe",2,"1970-1980"
96.5,"ouvrier",2,"1970-1980"
81.5,"ouvrier",1,"1970-1980"
85.4,"ouvrier",2,"1970-1980"
85.6,"employe",1,"1970-1980"
89.3,"employe",2,"1970-1980"
88.2,"employe",2,"1970-1980"
85.9,"employe",1,"1970-1980"
68.3,"employe",1,"1970-1980"
84.8,"cadre",1,"1970-1980"
102.6,"employe",2,"1970-1980"
84.4,"ouvrier",2,"1970-1980"
78.2,"ouvrier",2,"1970-1980"
85.5,"employe",1,"1970-1980"
67.1,"employe",1,"1970-1980"
78.2,"ouvrier",1,"1970-1980"
115.7,"ouvrier",2,"1970-1980"
78.5,"ouvrier",2,"1970-1980"
81.5,"employe",1,"1970-1980"
56.7,"ouvrier",1,"1970-1980"
82,"employe",2,"1970-1980"
79.4,"employe",1,"1970-1980"
67.5,"employe",1,"1970-1980"
77.3,"cadre",2,"1970-1980"
93.4,"employe",2,"1970-1980"
81.3,"cadre",1,"1970-1980"
81.3,"cadre",1,"1970-1980"
59,"ouvrier",1,"1970-1980"
85.3,"ouvrier",2,"1970-1980"
83.3,"employe",2,"1970-1980"
69.4,"ouvrier",2,"1970-1980"
82.2,"employe",2,"1970-1980"
84.3,"ouvrier",1,"1970-1980"
72,"ouvrier",2,"1970-1980"
97.2,"ouvrier",2,"1970-1980"
67.3,"ouvrier",2,"1970-1980"
101,"employe",2,"1970-1980"
69.3,"employe",2,"1970-1980"
112.8,"employe",2,"1970-1980"
100.4,"ouvrier",2,"1970-1980"
64.1,"ouvrier",1,"1970-1980"
72.9,"employe",2,"1970-1980"
86.9,"cadre",1,"1970-1980"
95.5,"ouvrier",1,"1970-1980"
83.2,"employe",1,"1970-1980"
75.1,"employe",2,"1970-1980"
71.5,"employe",1,"1970-1980"
66.3,"employe",1,"1970-1980"
88.8,"ouvrier",2,"1970-1980"
81.9,"ouvrier",2,"1970-1980"
81.2,"employe",2,"1970-1980"
114.9,"employe",2,"1970-1980"
80.7,"employe",1,"1970-1980"
64.8,"cadre",1,"1970-1980"
63.1,"ouvrier",1,"1970-1980"
80.4,"employe",2,"1970-1980"
72.3,"employe",1,"1970-1980"
75.4,"ouvrier",1,"1970-1980"
90.8,"ouvrier",2,"1970-1980"
99.5,"employe",1,"1970-1980"
68.8,"employe",1,"1970-1980"
93.4,"cadre",1,"1970-1980"
81.5,"employe",2,"1970-1980"
73.7,"ouvrier",1,"1970-1980"
63.5,"ouvrier",1,"1970-1980"
67.6,"ouvrier",2,"1970-1980"
82.4,"employe",1,"1970-1980"
66.4,"employe",1,"1970-1980"
86.9,"ouvrier",1,"1970-1980"
82.2,"cadre",1,"1970-1980"
73.3,"employe",1,"1970-1980"
84.1,"employe",1,"1970-1980"
86.2,"employe",2,"1970-1980"
77.8,"ouvrier",2,"1970-1980"
78.4,"employe",1,"1970-1980"
79.6,"employe",2,"1970-1980"
103.8,"ouvrier",2,"1970-1980"
87.6,"cadre",1,"1970-1980"
63.2,"employe",1,"1970-1980"
85,"employe",2,"1970-1980"
84.9,"employe",2,"1970-1980"
65.4,"employe",2,"1970-1980"
67.7,"ouvrier",1,"1970-1980"
88.1,"employe",1,"1970-1980"
92.3,"ouvrier",1,"1970-1980"
64.5,"employe",2,"1970-1980"
70.4,"employe",1,"1970-1980"
89.7,"employe",2,"1970-1980"
79.2,"cadre",1,"1970-1980"
89.7,"employe",1,"1970-1980"
77,"employe",2,"1970-1980"
86,"ouvrier",1,"1970-1980"
79.8,"ouvrier",1,"1970-1980"
80.9,"ouvrier",1,"1970-1980"
69.2,"ouvrier",2,"1970-1980"
72.8,"cadre",2,"1970-1980"
60.1,"employe",2,"1970-1980"
67.2,"ouvrier",2,"1970-1980"
66.1,"employe",1,"1970-1980"
69.2,"ouvrier",1,"1970-1980"
78.9,"employe",2,"1970-1980"
78.2,"ouvrier",2,"1970-1980"
86.2,"ouvrier",2,"1970-1980"
71.1,"employe",1,"1970-1980"
95.1,"ouvrier",2,"1970-1980"
87.5,"employe",2,"1970-1980"
79.1,"cadre",1,"1970-1980"
60.6,"employe",1,"1970-1980"
80.3,"ouvrier",1,"1970-1980"
97.3,"employe",2,"1970-1980"
84.2,"employe",2,"1970-1980"
89.6,"ouvrier",2,"1970-1980"
84.6,"employe",1,"1970-1980"
77.3,"cadre",1,"1970-1980"
72.3,"ouvrier",1,"1970-1980"
88.8,"employe",1,"1970-1980"
80,"cadre",2,"1970-1980"
80,"employe",2,"1970-1980"
77.1,"employe",1,"1970-1980"
82.2,"cadre",1,"1970-1980"
74.1,"employe",2,"1970-1980"
63,"employe",1,"1970-1980"
90.5,"cadre",1,"1970-1980"
81.6,"ouvrier",2,"1970-1980"
92.8,"employe",2,"1970-1980"
74.4,"ouvrier",1,"1970-1980"
74.1,"employe",1,"1970-1980"
78.1,"ouvrier",1,"1970-1980"
90.2,"employe",1,"1970-1980"
79.7,"ouvrier",2,"1970-1980"
89.2,"employe",2,"1970-1980"
84.4,"employe",2,"1970-1980"
75.3,"employe",2,"1970-1980"
101,"cadre",2,"1970-1980"
76,"cadre",1,"1970-1980"
78,"ouvrier",1,"1970-1980"
82.4,"employe",2,"1970-1980"
87.7,"employe",2,"1970-1980"
85,"employe",2,"1970-1980"
61.6,"ouvrier",1,"1970-1980"
76.7,"employe",1,"1970-1980"
72.9,"cadre",1,"1970-1980"
67.4,"employe",1,"1970-1980"
83.3,"ouvrier",2,"1970-1980"
76.1,"cadre",1,"1970-1980"
84.6,"employe",1,"1970-1980"
91.2,"ouvrier",1,"1970-1980"
68.3,"cadre",1,"1970-1980"
91.3,"employe",2,"1970-1980"
64.1,"ouvrier",1,"1970-1980"
66.6,"employe",2,"1970-1980"
58.6,"ouvrier",1,"1970-1980"
63.7,"employe",1,"1970-1980"
97.1,"ouvrier",2,"1970-1980"
75.5,"ouvrier",2,"1970-1980"
80,"ouvrier",2,"1970-1980"
87.3,"employe",2,"1970-1980"
69.6,"ouvrier",2,"1970-1980"
84.9,"employe",2,"1970-1980"
76.8,"ouvrier",2,"1970-1980"
67.3,"employe",1,"1970-1980"
69,"employe",1,"1970-1980"
82.8,"employe",2,"1970-1980"
69.8,"employe",1,"1970-1980"
85.6,"ouvrier",1,"1970-1980"
72.6,"ouvrier",2,"1970-1980"
86.6,"employe",1,"1970-1980"
60.9,"employe",1,"1970-1980"
83.7,"cadre",2,"1970-1980"
61.6,"ouvrier",1,"1970-1980"
98.6,"employe",2,"1970-1980"
66,"ouvrier",1,"1970-1980"
57.6,"ouvrier",1,"1970-1980"
77.6,"cadre",2,"1970-1980"
87.4,"ouvrier",2,"1970-1980"
74,"ouvrier",2,"1970-1980"
75.7,"employe",1,"1970-1980"
70.3,"ouvrier",1,"1970-1980"
67.3,"ouvrier",1,"1970-1980"
76.6,"employe",2,"1970-1980"
62,"employe",2,"1970-1980"
92.9,"employe",1,"1970-1980"
58.5,"ouvrier",1,"1970-1980"
81.8,"cadre",2,"1970-1980"
87.2,"employe",1,"1970-1980"
67.9,"employe",1,"1970-1980"
70.9,"ouvrier",1,"1970-1980"
106.8,"cadre",2,"1970-1980"
69.9,"ouvrier",2,"1970-1980"
71.6,"ouvrier",2,"1970-1980"
68.7,"employe",2,"1970-1980"
76.8,"cadre",1,"1970-1980"
80.5,"cadre",1,"1970-1980"
63.1,"employe",2,"1970-1980"
73.1,"employe",2,"1970-1980"
76,"cadre",1,"1970-1980"
66.1,"ouvrier",1,"1970-1980"
80,"employe",2,"1970-1980"
93.7,"cadre",1,"1970-1980"
86.5,"cadre",2,"1970-1980"
85.3,"employe",2,"1970-1980"
70,"ouvrier",1,"1970-1980"
60.8,"employe",1,"1970-1980"
70,"ouvrier",1,"1970-1980"
76.8,"employe",1,"1970-1980"
71,"employe",1,"1970-1980"
69.7,"ouvrier",2,"1970-1980"
70.9,"employe",2,"1970-1980"
88.6,"cadre",2,"1970-1980"
72.5,"employe",2,"1970-1980"
94.6,"cadre",1,"1970-1980"
91.2,"employe",1,"1970-1980"
64.8,"employe",1,"1970-1980"
62.1,"employe",1,"1970-1980"
79.8,"ouvrier",1,"1970-1980"
75,"employe",1,"1970-1980"
82.4,"employe",2,"1970-1980"
89.9,"employe",2,"1970-1980"
69.3,"ouvrier",1,"1970-1980"
81,"employe",2,"1970-1980"
62.6,"ouvrier",1,"1970-1980"
88.9,"ouvrier",2,"1970-1980"
80.1,"cadre",1,"1970-1980"
87.4,"employe",2,"1970-1980"
58.8,"ouvrier",2,"1970-1980"
88.9,"employe",2,"1970-1980"
53.6,"employe",1,"1970-1980"
75.4,"cadre",1,"1970-1980"
67.6,"cadre",1,"1970-1980"
78.3,"employe",1,"1970-1980"
77.8,"cadre",1,"1970-1980"
75.2,"employe",1,"1970-1980"
79.9,"employe",1,"1970-1980"
104.5,"cadre",2,"1970-1980"
71.4,"cadre",2,"1970-1980"
78.3,"ouvrier",1,"1970-1980"
76.7,"employe",2,"1970-1980"
74.8,"cadre",2,"1970-1980"
76.2,"ouvrier",1,"1970-1980"
74,"cadre",1,"1970-1980"
78.8,"ouvrier",2,"1970-1980"
55.5,"employe",1,"1970-1980"
80.6,"ouvrier",2,"1970-1980"
81.8,"employe",1,"1970-1980"
81.6,"ouvrier",2,"1970-1980"
86.1,"cadre",1,"1970-1980"
67.1,"ouvrier",1,"1970-1980"
78,"ouvrier",2,"1970-1980"
76.8,"ouvrier",1,"1970-1980"
46.9,"ouvrier",1,"1970-1980"
81.8,"ouvrier",1,"1970-1980"
97,"ouvrier",2,"1970-1980"
77.8,"ouvrier",2,"1970-1980"
83.2,"ouvrier",2,"1970-1980"
78.8,"ouvrier",1,"1970-1980"
92.9,"ouvrier",2,"1970-1980"
86.8,"ouvrier",2,"1970-1980"
89.5,"employe",1,"1970-1980"
68.9,"employe",2,"1970-1980"
106,"employe",2,"1970-1980"
68,"ouvrier",1,"1970-1980"
71.6,"employe",1,"1970-1980"
78.4,"ouvrier",2,"1970-1980"
77.6,"employe",2,"1970-1980"
92.4,"employe",2,"1970-1980"
77.9,"ouvrier",1,"1970-1980"
96.8,"ouvrier",2,"1970-1980"
58.1,"employe",1,"1970-1980"
83.2,"employe",1,"1970-1980"
80,"employe",1,"1970-1980"
66.8,"cadre",1,"1970-1980"
83.5,"employe",2,"1970-1980"
78.4,"ouvrier",1,"1970-1980"
94.1,"employe",2,"1970-1980"
52.8,"ouvrier",1,"1970-1980"
83.5,"cadre",1,"1970-1980"
77.7,"employe",1,"1970-1980"
82.2,"ouvrier",1,"1970-1980"
82.9,"cadre",2,"1970-1980"
77.8,"employe",2,"1970-1980"
69.2,"employe",2,"1970-1980"
71.9,"ouvrier",1,"1970-1980"
71.4,"ouvrier",2,"1970-1980"
83.8,"cadre",2,"1970-1980"
85,"cadre",2,"1970-1980"
77.6,"ouvrier",2,"1970-1980"
96.3,"cadre",2,"1970-1980"
94.8,"ouvrier",2,"1970-1980"
74.6,"employe",2,"1970-1980"
71.5,"employe",1,"1970-1980"
83.4,"ouvrier",2,"1970-1980"
65.3,"cadre",2,"1970-1980"
63.9,"ouvrier",1,"1970-1980"
64,"cadre",1,"1970-1980"
75.5,"employe",1,"1970-1980"
65.8,"ouvrier",1,"1970-1980"
77.8,"employe",2,"1970-1980"
79.9,"employe",2,"1970-1980"
68.2,"cadre",2,"1980-2005"
69.7,"ouvrier",1,"1980-2005"
81.9,"employe",2,"1980-2005"
78.2,"ouvrier",2,"1980-2005"
53.8,"employe",1,"1980-2005"
68.3,"ouvrier",1,"1980-2005"
65.1,"employe",1,"1980-2005"
77.6,"cadre",1,"1980-2005"
79.9,"ouvrier",1,"1980-2005"
64.9,"employe",1,"1980-2005"
89.1,"ouvrier",1,"1980-2005"
94.5,"cadre",2,"1980-2005"
95.4,"ouvrier",2,"1980-2005"
83.9,"employe",2,"1980-2005"
81.8,"employe",1,"1980-2005"
62.3,"ouvrier",2,"1980-2005"
77.5,"employe",2,"1980-2005"
65.1,"cadre",1,"1980-2005"
109.6,"cadre",2,"1980-2005"
62.4,"employe",1,"1980-2005"
64.3,"cadre",1,"1980-2005"
94.5,"employe",2,"1980-2005"
76.3,"ouvrier",1,"1980-2005"
94,"employe",2,"1980-2005"
93.7,"ouvrier",2,"1980-2005"
74,"cadre",1,"1980-2005"
66.1,"employe",1,"1980-2005"
82.2,"employe",2,"1980-2005"
79.2,"employe",1,"1980-2005"
64.4,"cadre",1,"1980-2005"
72.4,"employe",2,"1980-2005"
66.7,"ouvrier",1,"1980-2005"
94.6,"ouvrier",2,"1980-2005"
92,"employe",1,"1980-2005"
97,"employe",2,"1980-2005"
79.2,"employe",1,"1980-2005"
90.8,"employe",2,"1980-2005"
77,"employe",1,"1980-2005"
78.9,"employe",1,"1980-2005"
67.4,"employe",1,"1980-2005"
81.2,"employe",1,"1980-2005"
83.5,"cadre",2,"1980-2005"
55.5,"employe",2,"1980-2005"
76,"cadre",2,"1980-2005"
72.1,"ouvrier",1,"1980-2005"
84.5,"employe",1,"1980-2005"
90,"employe",1,"1980-2005"
82.9,"cadre",1,"1980-2005"
79.8,"ouvrier",1,"1980-2005"
79.9,"employe",2,"1980-2005"
74.6,"ouvrier",2,"1980-2005"
81.4,"cadre",2,"1980-2005"
99.1,"employe",1,"1980-2005"
80.1,"employe",1,"1980-2005"
82.5,"ouvrier",2,"1980-2005"
78.8,"employe",2,"1980-2005"
76.7,"ouvrier",2,"1980-2005"
74.6,"employe",1,"1980-2005"
79.8,"employe",1,"1980-2005"
79.7,"ouvrier",2,"1980-2005"
69,"cadre",1,"1980-2005"
83.6,"employe",1,"1980-2005"
74.1,"cadre",2,"1980-2005"
56,"employe",1,"1980-2005"
74.9,"cadre",1,"1980-2005"
74.3,"employe",1,"1980-2005"
89.9,"employe",2,"1980-2005"
97.2,"employe",2,"1980-2005"
75.4,"employe",1,"1980-2005"
68,"employe",1,"1980-2005"
60.8,"employe",1,"1980-2005"
75.6,"ouvrier",1,"1980-2005"
83,"employe",2,"1980-2005"
77,"cadre",2,"1980-2005"
92,"employe",2,"1980-2005"
72,"employe",1,"1980-2005"
110.8,"employe",2,"1980-2005"
70.1,"ouvrier",1,"1980-2005"
101,"employe",2,"1980-2005"
78,"employe",2,"1980-2005"
70.2,"employe",1,"1980-2005"
89.4,"employe",1,"1980-2005"
95.5,"cadre",1,"1980-2005"
71.1,"employe",2,"1980-2005"
72,"employe",2,"1980-2005"
64,"employe",1,"1980-2005"
73.8,"ouvrier",1,"1980-2005"
63.4,"employe",2,"1980-2005"
71,"employe",1,"1980-2005"
78.6,"employe",2,"1980-2005"
99.8,"employe",2,"1980-2005"
81.8,"ouvrier",2,"1980-2005"
71.5,"cadre",1,"1980-2005"
68.1,"employe",1,"1980-2005"
75,"employe",2,"1980-2005"
70.2,"employe",1,"1980-2005"
66.5,"ouvrier",1,"1980-2005"
84.3,"employe",2,"1980-2005"
78.7,"cadre",2,"1980-2005"
60.5,"ouvrier",1,"1980-2005"
85.8,"employe",1,"1980-2005"
65.2,"employe",1,"1980-2005"
58.9,"cadre",1,"1980-2005"
82.4,"employe",2,"1980-2005"
84.7,"ouvrier",2,"1980-2005"
83.9,"ouvrier",1,"1980-2005"
67.3,"ouvrier",1,"1980-2005"
72.1,"employe",2,"1980-2005"
96.5,"cadre",2,"1980-2005"
93,"employe",2,"1980-2005"
67.5,"employe",1,"1980-2005"
86.3,"cadre",1,"1980-2005"
59.5,"employe",1,"1980-2005"
85.3,"employe",2,"1980-2005"
98.3,"cadre",2,"1980-2005"
94.1,"cadre",2,"1980-2005"
88.9,"cadre",1,"1980-2005"
97.1,"ouvrier",2,"1980-2005"
85.2,"ouvrier",2,"1980-2005"
79.7,"ouvrier",2,"1980-2005"
90.3,"employe",2,"1980-2005"
93,"employe",2,"1980-2005"
68.8,"ouvrier",2,"1980-2005"
86,"cadre",2,"1980-2005"
66.6,"employe",1,"1980-2005"
55,"employe",1,"1980-2005"
79.8,"employe",1,"1980-2005"
81.8,"employe",1,"1980-2005"
87.1,"employe",2,"1980-2005"
82.5,"ouvrier",1,"1980-2005"
77.3,"ouvrier",1,"1980-2005"
79.7,"cadre",2,"1980-2005"
63.6,"employe",2,"1980-2005"
63,"employe",1,"1980-2005"
68.9,"employe",1,"1980-2005"
89.8,"employe",2,"1980-2005"
83.6,"employe",1,"1980-2005"
62.7,"ouvrier",1,"1980-2005"
75.1,"ouvrier",2,"1980-2005"
72.6,"cadre",1,"1980-2005"
76.1,"employe",1,"1980-2005"
85.1,"employe",2,"1980-2005"
100.5,"employe",2,"1980-2005"
92.5,"employe",1,"1980-2005"
85.9,"employe",2,"1980-2005"
83.1,"ouvrier",2,"1980-2005"
87.4,"cadre",1,"1980-2005"
84.5,"ouvrier",1,"1980-2005"
84.8,"ouvrier",1,"1980-2005"
96.6,"cadre",2,"1980-2005"
68.8,"cadre",2,"1980-2005"
93.9,"employe",2,"1980-2005"
68,"ouvrier",1,"1980-2005"
76.5,"ouvrier",1,"1980-2005"
67.6,"employe",2,"1980-2005"
84.7,"ouvrier",2,"1980-2005"
89.9,"cadre",2,"1980-2005"
77.2,"ouvrier",1,"1980-2005"
78.8,"cadre",2,"1980-2005"
103.4,"employe",2,"1980-2005"
63.3,"employe",1,"1980-2005"
74.7,"cadre",1,"1980-2005"
78,"ouvrier",1,"1980-2005"
80.4,"employe",1,"1980-2005"
65,"ouvrier",2,"1980-2005"
78,"ouvrier",2,"1980-2005"
74.5,"employe",1,"1980-2005"
89.8,"cadre",2,"1980-2005"
76.5,"ouvrier",1,"1980-2005"
93.1,"ouvrier",2,"1980-2005"
72.3,"ouvrier",1,"1980-2005"
88.5,"ouvrier",2,"1980-2005"
78.6,"employe",2,"1980-2005"
70.9,"ouvrier",1,"1980-2005"
73.3,"employe",1,"1980-2005"
76.5,"employe",1,"1980-2005"
62.1,"employe",1,"1980-2005"
63.8,"ouvrier",2,"1980-2005"
56.4,"employe",1,"1980-2005"
79,"employe",2,"1980-2005"
84.7,"employe",2,"1980-2005"
69.1,"employe",1,"1980-2005"
79,"employe",2,"1980-2005"
83.1,"employe",2,"1980-2005"
87.2,"employe",2,"1980-2005"
98,"cadre",2,"1980-2005"
83,"employe",2,"1980-2005"
69.1,"ouvrier",2,"1980-2005"
61.2,"ouvrier",2,"1980-2005"
79.4,"employe",1,"1980-2005"
79.6,"employe",2,"1980-2005"
68,"employe",1,"1980-2005"
115.1,"employe",2,"1980-2005"
76.5,"employe",1,"1980-2005"
71.2,"ouvrier",2,"1980-2005"
74.4,"employe",1,"1980-2005"
87.6,"employe",2,"1980-2005"
100.5,"employe",1,"1980-2005"
76.5,"employe",1,"1980-2005"
95.6,"employe",2,"1980-2005"
94.6,"cadre",1,"1980-2005"
75.9,"employe",1,"1980-2005"
64.4,"employe",1,"1980-2005"
72.2,"ouvrier",2,"1980-2005"
98.5,"employe",2,"1980-2005"
83.4,"ouvrier",1,"1980-2005"
74.3,"employe",1,"1980-2005"
89.4,"ouvrier",2,"1980-2005"
64.8,"employe",1,"1980-2005"
80.6,"ouvrier",2,"1980-2005"
91.6,"employe",2,"1980-2005"
80.1,"ouvrier",1,"1980-2005"
88.8,"ouvrier",2,"1980-2005"
89.7,"employe",1,"1980-2005"
78.7,"employe",1,"1980-2005"
76.2,"cadre",2,"1980-2005"
62.4,"employe",1,"1980-2005"
90.6,"employe",1,"1980-2005"
82.8,"employe",2,"1980-2005"
92.8,"employe",2,"1980-2005"
65.7,"cadre",2,"1980-2005"
88.4,"cadre",2,"1980-2005"
88.1,"ouvrier",2,"1980-2005"
85,"employe",1,"1980-2005"
95.3,"cadre",2,"1980-2005"
96.1,"cadre",2,"1980-2005"
93.1,"ouvrier",2,"1980-2005"
77.1,"employe",2,"1980-2005"
80.5,"employe",1,"1980-2005"
80.7,"cadre",2,"1980-2005"
78.9,"employe",1,"1980-2005"
96.2,"employe",1,"1980-2005"
81.8,"employe",1,"1980-2005"
77.3,"employe",2,"1980-2005"
76.1,"ouvrier",1,"1980-2005"
73.4,"ouvrier",1,"1980-2005"
82.8,"ouvrier",2,"1980-2005"
66.3,"employe",1,"1980-2005"
51.9,"ouvrier",1,"1980-2005"
82.9,"employe",2,"1980-2005"
91.4,"ouvrier",2,"1980-2005"
94.6,"ouvrier",2,"1980-2005"
65.6,"employe",1,"1980-2005"
114.9,"employe",2,"1980-2005"
86,"employe",2,"1980-2005"
81.6,"employe",2,"1980-2005"
59.6,"ouvrier",1,"1980-2005"
98.5,"employe",2,"1980-2005"
65.9,"employe",1,"1980-2005"
68.2,"ouvrier",1,"1980-2005"
101.6,"employe",2,"1980-2005"
66.3,"employe",2,"1980-2005"
80.6,"employe",2,"1980-2005"
108.9,"ouvrier",2,"1980-2005"
51.2,"cadre",1,"1980-2005"
87.1,"employe",1,"1980-2005"
96.2,"employe",2,"1980-2005"
73.3,"ouvrier",1,"1980-2005"
97.7,"employe",2,"1980-2005"
83.6,"cadre",1,"1980-2005"
90.6,"ouvrier",2,"1980-2005"
74.5,"employe",1,"1980-2005"
76.1,"ouvrier",2,"1980-2005"
64,"cadre",1,"1980-2005"
61.7,"ouvrier",2,"1980-2005"
55.3,"employe",1,"1980-2005"
86.6,"employe",2,"1980-2005"
75.7,"cadre",1,"1980-2005"
74.6,"cadre",1,"1980-2005"
86.4,"cadre",1,"1980-2005"
65,"employe",2,"1980-2005"
67.5,"ouvrier",2,"1980-2005"
86.8,"ouvrier",2,"1980-2005"
76.3,"employe",1,"1980-2005"
108.8,"employe",2,"1980-2005"
77.2,"employe",2,"1980-2005"
97.1,"employe",2,"1980-2005"
75,"employe",1,"1980-2005"
86.3,"cadre",1,"1980-2005"
66.1,"employe",1,"1980-2005"
73.7,"ouvrier",2,"1980-2005"
61.9,"cadre",1,"1980-2005"
101.9,"ouvrier",2,"1980-2005"
90.3,"employe",1,"1980-2005"
91.7,"employe",2,"1980-2005"
82.5,"employe",2,"1980-2005"
75.9,"employe",1,"1980-2005"
76.6,"employe",2,"1980-2005"
61.2,"employe",1,"1980-2005"
92.5,"employe",2,"1980-2005"
91.9,"employe",2,"1980-2005"
71.2,"employe",1,"1980-2005"
82.7,"cadre",2,"1980-2005"
88.7,"ouvrier",1,"1980-2005"
69.7,"ouvrier",1,"1980-2005"
68.7,"ouvrier",2,"1980-2005"
83.6,"cadre",1,"1980-2005"
90.6,"cadre",2,"1980-2005"
66.4,"ouvrier",2,"1980-2005"
83.7,"employe",1,"1980-2005"
98.3,"cadre",1,"1980-2005"
70.1,"ouvrier",1,"1980-2005"
76.4,"ouvrier",2,"1980-2005"
73,"employe",1,"1980-2005"
91.1,"ouvrier",2,"1980-2005"
69.5,"employe",1,"1980-2005"
91.2,"cadre",1,"1980-2005"
81.9,"ouvrier",1,"1980-2005"
110.1,"ouvrier",2,"1980-2005"
51.5,"ouvrier",2,"1980-2005"
64.6,"employe",1,"1980-2005"
74.5,"employe",1,"1980-2005"
85.6,"ouvrier",2,"1980-2005"
103.9,"ouvrier",2,"1980-2005"
83.9,"cadre",1,"1980-2005"
86.1,"ouvrier",1,"1980-2005"
111.4,"employe",2,"1980-2005"
92.8,"employe",2,"1980-2005"
73.6,"employe",2,"1980-2005"
103.4,"ouvrier",2,"1980-2005"
83.3,"employe",2,"1980-2005"
94.6,"ouvrier",2,"1980-2005"
68.7,"ouvrier",2,"1980-2005"
87.1,"employe",2,"1980-2005"
76.2,"employe",2,"1980-2005"
87.6,"employe",2,"1980-2005"
89.7,"ouvrier",2,"1980-2005"
69.1,"employe",2,"1980-2005"
51.6,"ouvrier",1,"1980-2005"
93.5,"cadre",2,"1980-2005"
78.1,"employe",1,"1980-2005"
76.4,"ouvrier",1,"1980-2005"
78.1,"ouvrier",2,"1980-2005"
62.1,"employe",2,"1980-2005"
67.6,"ouvrier",1,"1980-2005"
70,"employe",1,"1980-2005"
84.6,"cadre",1,"1980-2005"
97.7,"employe",2,"1980-2005"
101.7,"employe",2,"1980-2005"
84.5,"employe",1,"1980-2005"
62.9,"employe",1,"1980-2005"
82.7,"cadre",1,"1980-2005"
95.2,"employe",2,"1980-2005"
90.3,"ouvrier",2,"1980-2005"
95.6,"ouvrier",2,"1980-2005"
83.6,"employe",2,"1980-2005"
76.2,"ouvrier",1,"1980-2005"
96.7,"employe",2,"1980-2005"
65.7,"employe",2,"1980-2005"
79.5,"ouvrier",2,"1980-2005"
86.8,"employe",2,"1980-2005"
93.2,"employe",2,"1980-2005"
109,"employe",2,"1980-2005"
64.8,"ouvrier",2,"1980-2005"
74.7,"ouvrier",1,"1980-2005"
85.2,"employe",2,"1980-2005"
79.7,"employe",1,"1980-2005"
65,"ouvrier",1,"1980-2005"
70.5,"cadre",2,"1980-2005"
98,"employe",1,"1980-2005"
85.9,"cadre",1,"1980-2005"
93.2,"ouvrier",2,"1980-2005"
93.9,"cadre",1,"1980-2005"
76.5,"cadre",2,"1980-2005"
60.2,"ouvrier",1,"1980-2005"
104.4,"employe",2,"1980-2005"
67.7,"ouvrier",1,"1980-2005"
69.5,"ouvrier",2,"1980-2005"
67.2,"ouvrier",1,"1980-2005"
101.7,"cadre",1,"1980-2005"
84.7,"employe",2,"1980-2005"
62,"employe",1,"1980-2005"
71.1,"ouvrier",1,"1980-2005"
72.9,"ouvrier",1,"1980-2005"
78.6,"employe",2,"1980-2005"
88.2,"employe",2,"1980-2005"
91.5,"employe",2,"1980-2005"
88.7,"employe",2,"1980-2005"
84.4,"employe",2,"1980-2005"
82.8,"employe",1,"1980-2005"
73.3,"employe",2,"1980-2005"
74.9,"employe",2,"1980-2005"
53.9,"ouvrier",1,"1980-2005"
80.7,"employe",2,"1980-2005"
78.5,"ouvrier",2,"1980-2005"
87.1,"ouvrier",1,"1980-2005"
78.1,"ouvrier",2,"1980-2005"
57.6,"ouvrier",1,"1980-2005"
96.7,"ouvrier",2,"1980-2005"
69.1,"ouvrier",1,"1980-2005"
73.6,"employe",1,"1980-2005"
80.6,"employe",1,"1980-2005"
61.3,"employe",1,"1980-2005"
82.4,"employe",2,"1980-2005"
91.8,"employe",2,"1980-2005"
80.3,"employe",2,"1980-2005"
62.5,"employe",1,"1980-2005"
60.3,"employe",1,"1980-2005"
73.4,"ouvrier",1,"1980-2005"
79.8,"cadre",2,"1980-2005"
64.3,"ouvrier",1,"1980-2005"
87.5,"cadre",2,"1980-2005"
89.2,"ouvrier",2,"1980-2005"
74.3,"ouvrier",2,"1980-2005"
63.1,"employe",1,"1980-2005"
82.2,"cadre",1,"1980-2005"
79.6,"employe",2,"1980-2005"
65,"employe",1,"1980-2005"
79.2,"ouvrier",1,"1980-2005"
72.2,"ouvrier",2,"1980-2005"
89.8,"ouvrier",2,"1980-2005"
81.5,"employe",2,"1980-2005"
54,"employe",2,"1980-2005"
63.9,"employe",1,"1980-2005"
117.1,"employe",2,"1980-2005"
79.3,"cadre",2,"1980-2005"
84.2,"employe",2,"1980-2005"
82.8,"ouvrier",1,"1980-2005"
82.9,"cadre",2,"1980-2005"
87.8,"employe",1,"1980-2005"
81.4,"employe",2,"1980-2005"
74.5,"ouvrier",1,"1980-2005"
54.7,"employe",1,"1980-2005"
78.3,"cadre",2,"1980-2005"
57.3,"employe",1,"1980-2005"
90.9,"cadre",2,"1980-2005"
84.8,"employe",2,"1980-2005"
77.4,"employe",1,"1980-2005"
58.2,"employe",2,"1980-2005"
69.5,"ouvrier",1,"1980-2005"
84.8,"employe",2,"1980-2005"
77.6,"employe",1,"1980-2005"
106.5,"employe",2,"1980-2005"
87.1,"ouvrier",2,"1980-2005"
72.7,"employe",1,"1980-2005"
75.7,"ouvrier",2,"1980-2005"
72.6,"employe",1,"1980-2005"
64.6,"employe",1,"1980-2005"
70.3,"cadre",1,"1980-2005"
65.7,"ouvrier",2,"1980-2005"
71.2,"ouvrier",2,"1980-2005"
76.1,"ouvrier",2,"1980-2005"
95.1,"ouvrier",2,"1980-2005"
89.5,"employe",1,"1980-2005"
93.4,"ouvrier",2,"1980-2005"
61.6,"ouvrier",1,"1980-2005"
93.2,"ouvrier",2,"1980-2005"
97.9,"ouvrier",2,"1980-2005"
81.3,"employe",2,"1980-2005"
75.5,"employe",1,"1980-2005"
88.2,"ouvrier",2,"1980-2005"
87.4,"cadre",2,"1980-2005"
71.2,"ouvrier",2,"1980-2005"
73.5,"employe",1,"1980-2005"
68.4,"employe",2,"1980-2005"
60.7,"ouvrier",2,"1980-2005"
104.9,"employe",1,"1980-2005"
56.6,"ouvrier",1,"1980-2005"
76.6,"ouvrier",2,"1980-2005"
73,"employe",1,"1980-2005"
64,"ouvrier",2,"1980-2005"
83.3,"employe",2,"1980-2005"
102,"ouvrier",2,"1980-2005"
65.5,"ouvrier",1,"1980-2005"
74.1,"ouvrier",2,"1980-2005"
104,"employe",2,"1980-2005"
69.4,"employe",1,"1980-2005"
77.8,"employe",2,"1980-2005"
80.6,"ouvrier",1,"1980-2005"
50.4,"employe",1,"1980-2005"
66.1,"cadre",1,"1980-2005"
81.6,"employe",1,"1980-2005"
88.3,"employe",2,"1980-2005"
78.8,"employe",1,"1980-2005"
93.9,"cadre",1,"1980-2005"
83,"ouvrier",2,"1980-2005"
88.8,"employe",2,"1980-2005"
89.6,"ouvrier",2,"1980-2005"
70,"ouvrier",1,"1980-2005"
86.7,"employe",2,"1980-2005"
59.8,"ouvrier",1,"1980-2005"
74.3,"ouvrier",2,"1980-2005"
81.1,"employe",1,"1980-2005"
66.6,"ouvrier",1,"1980-2005"
87,"employe",2,"1980-2005"
70.1,"ouvrier",1,"1980-2005"
57.4,"ouvrier",1,"1980-2005"
85.4,"ouvrier",2,"1980-2005"
68.9,"employe",1,"1980-2005"
60.8,"employe",1,"1980-2005"
68.5,"ouvrier",1,"1980-2005"
69,"employe",1,"1980-2005"
74.8,"ouvrier",1,"1980-2005"
68.1,"cadre",2,"1980-2005"
77.8,"cadre",2,"1980-2005"
73,"ouvrier",1,"1980-2005"
74.1,"ouvrier",1,"1980-2005"
99.5,"ouvrier",2,"1980-2005"
85.5,"employe",2,"1980-2005"
75.9,"employe",1,"1980-2005"
68.1,"ouvrier",1,"1980-2005"
78.9,"employe",1,"1980-2005"
67.7,"ouvrier",1,"1980-2005"
79.7,"ouvrier",1,"1980-2005"
76.8,"ouvrier",2,"1980-2005"
76.9,"employe",1,"1980-2005"
78.5,"employe",1,"1980-2005"
76,"employe",2,"1980-2005"
77.5,"ouvrier",2,"1980-2005"
74.5,"employe",1,"1980-2005"
84.7,"employe",1,"1980-2005"
67.7,"cadre",2,"1980-2005"
60.1,"employe",1,"1980-2005"
67.4,"employe",2,"1980-2005"
72.3,"employe",1,"1980-2005"
94.4,"employe",2,"1980-2005"
89.3,"cadre",2,"1980-2005"
95.3,"ouvrier",2,"1980-2005"
60,"ouvrier",1,"1980-2005"
94.4,"employe",2,"1980-2005"
83.9,"employe",1,"1980-2005"
74.1,"employe",1,"1980-2005"
58.1,"employe",1,"1980-2005"
60.2,"ouvrier",1,"1980-2005"
80.3,"employe",2,"1980-2005"
88.3,"employe",2,"1980-2005"
80.6,"employe",2,"1980-2005"
80.6,"employe",2,"1980-2005"
75,"employe",2,"1980-2005"
72.1,"employe",1,"1980-2005"
76.1,"ouvrier",2,"1980-2005"
65.4,"employe",1,"1980-2005"
82.7,"employe",2,"1980-2005"
79.7,"employe",1,"1980-2005"
113.5,"employe",2,"1980-2005"
106.9,"ouvrier",1,"1980-2005"
88.7,"ouvrier",1,"1980-2005"
84.9,"cadre",2,"1980-2005"
100,"employe",2,"1980-2005"
55.3,"ouvrier",2,"1980-2005"
103.3,"employe",2,"1980-2005"
77.8,"ouvrier",1,"1980-2005"
62.4,"employe",1,"1980-2005"
72.9,"ouvrier",1,"1980-2005"
80,"ouvrier",2,"1980-2005"
84.9,"ouvrier",1,"1980-2005"
74.9,"employe",1,"1980-2005"
87,"employe",1,"1980-2005"
79.9,"cadre",2,"1980-2005"
78.7,"ouvrier",2,"1980-2005"
83,"cadre",1,"1980-2005"
62,"employe",1,"1980-2005"
62.8,"employe",1,"1980-2005"
80.6,"employe",2,"1980-2005"
69,"employe",1,"1980-2005"
106.1,"ouvrier",2,"1980-2005"
79.4,"cadre",1,"1980-2005"
77.5,"ouvrier",1,"1980-2005"
92.4,"ouvrier",2,"1980-2005"
73.2,"employe",2,"1980-2005"
65,"employe",1,"1980-2005"
47.5,"employe",1,"1980-2005"
68.6,"ouvrier",1,"1980-2005"
62.5,"employe",2,"1980-2005"
96,"employe",2,"1980-2005"
80,"ouvrier",2,"1980-2005"
84.7,"cadre",2,"1980-2005"
91,"employe",2,"1980-2005"
80.7,"employe",1,"1980-2005"
70.2,"ouvrier",1,"1980-2005"
51.3,"ouvrier",2,"1980-2005"
69.8,"employe",2,"1980-2005"
91.2,"cadre",1,"1980-2005"
81.4,"ouvrier",2,"1980-2005"
80.9,"employe",1,"1980-2005"
88.6,"employe",2,"1980-2005"
76.3,"employe",2,"1980-2005"
78.8,"employe",1,"1980-2005"
75.3,"cadre",1,"1980-2005"
95.9,"employe",2,"1980-2005"
66.1,"cadre",2,"1980-2005"
100.8,"employe",2,"1980-2005"
83.5,"employe",1,"1980-2005"
68.8,"ouvrier",1,"1980-2005"
110,"ouvrier",2,"1980-2005"
64.3,"ouvrier",2,"1980-2005"
84,"employe",2,"1980-2005"
79.7,"employe",1,"1980-2005"
62.6,"employe",1,"1980-2005"
96,"ouvrier",2,"1980-2005"
83.6,"employe",2,"1980-2005"
73.1,"employe",1,"1980-2005"
80.2,"ouvrier",2,"1980-2005"
76.7,"ouvrier",2,"1980-2005"
70.7,"employe",1,"1980-2005"
92.7,"cadre",1,"1980-2005"
79.7,"ouvrier",1,"1980-2005"
91.4,"employe",2,"1980-2005"
84.8,"employe",1,"1980-2005"
62.9,"employe",1,"1980-2005"
102.6,"ouvrier",2,"1980-2005"
83.4,"ouvrier",1,"1980-2005"
64.4,"cadre",2,"1980-2005"
80.9,"cadre",1,"1980-2005"
97.4,"employe",2,"1980-2005"
79.3,"employe",2,"1980-2005"
68.4,"employe",1,"1980-2005"
70.4,"cadre",2,"1980-2005"
95,"employe",1,"1980-2005"
83.8,"ouvrier",1,"1980-2005"
64.6,"ouvrier",1,"1980-2005"
79.7,"ouvrier",2,"1980-2005"
80.5,"ouvrier",1,"1980-2005"
83.7,"cadre",2,"1980-2005"
76.8,"ouvrier",1,"1980-2005"
88.2,"ouvrier",1,"1980-2005"
73.5,"ouvrier",1,"1980-2005"
77.9,"employe",2,"1980-2005"
83,"ouvrier",2,"1980-2005"
82.4,"employe",2,"1980-2005"
83.1,"cadre",1,"1980-2005"
90.6,"ouvrier",1,"1980-2005"
102.8,"employe",2,"1980-2005"
74.6,"employe",2,"1980-2005"
61.5,"employe",1,"1980-2005"
86.4,"ouvrier",2,"1980-2005"
78.4,"employe",1,"1980-2005"
90.6,"cadre",2,"1980-2005"
76.3,"employe",1,"1980-2005"
75,"ouvrier",1,"1980-2005"
71.5,"ouvrier",1,"1980-2005"
64.5,"employe",2,"1980-2005"
68,"ouvrier",2,"1980-2005"
71.9,"employe",2,"1980-2005"
76.8,"employe",1,"1980-2005"
97.7,"ouvrier",2,"1980-2005"
97.4,"ouvrier",1,"1980-2005"
73.8,"employe",1,"1980-2005"
91.9,"employe",2,"1980-2005"
75.8,"ouvrier",2,"1980-2005"
81.8,"ouvrier",1,"1980-2005"
74.4,"employe",2,"1980-2005"
61.3,"employe",1,"1980-2005"
62.5,"ouvrier",1,"1980-2005"
76.3,"cadre",2,"1980-2005"
63,"ouvrier",1,"1980-2005"
72.1,"ouvrier",2,"1980-2005"
68.4,"ouvrier",1,"1980-2005"
82,"ouvrier",1,"1980-2005"
73.5,"ouvrier",2,"1980-2005"
76.2,"ouvrier",2,"1980-2005"
90.4,"cadre",2,"1980-2005"
57.6,"employe",2,"1980-2005"
92.4,"ouvrier",2,"1980-2005"
88.7,"employe",2,"1980-2005"
66.3,"ouvrier",1,"1980-2005"
85.7,"cadre",1,"1980-2005"
81.7,"employe",2,"1980-2005"
84.1,"employe",1,"1980-2005"
103.2,"employe",2,"1980-2005"
89.6,"employe",1,"1980-2005"
85.9,"cadre",1,"1980-2005"
70.1,"ouvrier",1,"1980-2005"
96.7,"employe",2,"1980-2005"
84.3,"employe",2,"1980-2005"
68.4,"cadre",1,"1980-2005"
59.1,"cadre",1,"1980-2005"
74.4,"ouvrier",1,"1980-2005"
98.8,"cadre",2,"1980-2005"
84.5,"employe",2,"1980-2005"
75.4,"employe",1,"1980-2005"
82.4,"ouvrier",2,"1980-2005"
86.7,"employe",2,"1980-2005"
76.5,"ouvrier",1,"1980-2005"
79.5,"employe",1,"1980-2005"
51.9,"ouvrier",1,"1980-2005"
72.8,"employe",1,"1980-2005"
82.1,"employe",2,"1980-2005"
64.2,"ouvrier",1,"1980-2005"
68.9,"employe",1,"1980-2005"
83.6,"employe",1,"1980-2005"
88.7,"cadre",2,"1980-2005"
76.6,"ouvrier",1,"1980-2005"
65.9,"employe",1,"1980-2005"
85.4,"cadre",2,"1980-2005"
77.8,"employe",2,"1980-2005"
100.9,"employe",2,"1980-2005"
67.1,"employe",1,"1980-2005"
64.4,"ouvrier",2,"1980-2005"
67,"cadre",2,"1980-2005"
72.9,"employe",2,"1980-2005"
65.7,"employe",2,"1980-2005"
77.8,"employe",2,"1980-2005"
80.1,"ouvrier",1,"1980-2005"
79.5,"employe",1,"1980-2005"
70.6,"employe",1,"1980-2005"
74,"ouvrier",1,"1980-2005"
93.8,"cadre",1,"1980-2005"
76.6,"ouvrier",1,"1980-2005"
82,"ouvrier",2,"1980-2005"
92.8,"employe",2,"2005-2020"
88.8,"cadre",2,"2005-2020"
90.5,"employe",1,"2005-2020"
79.1,"employe",2,"2005-2020"
90.7,"employe",1,"2005-2020"
74.9,"employe",1,"2005-2020"
93,"cadre",2,"2005-2020"
94.5,"employe",2,"2005-2020"
86.3,"ouvrier",2,"2005-2020"
94.8,"employe",2,"2005-2020"
77.9,"employe",2,"2005-2020"
96.7,"employe",2,"2005-2020"
84.9,"employe",1,"2005-2020"
86.8,"ouvrier",2,"2005-2020"
86.8,"employe",2,"2005-2020"
87.3,"ouvrier",2,"2005-2020"
78.6,"ouvrier",1,"2005-2020"
84.3,"ouvrier",1,"2005-2020"
70.3,"ouvrier",1,"2005-2020"
78.6,"ouvrier",1,"2005-2020"
76,"ouvrier",1,"2005-2020"
86.9,"cadre",1,"2005-2020"
104.9,"ouvrier",2,"2005-2020"
73.1,"employe",1,"2005-2020"
83.9,"cadre",1,"2005-2020"
86.1,"cadre",1,"2005-2020"
93.7,"ouvrier",2,"2005-2020"
58.5,"employe",1,"2005-2020"
85,"employe",1,"2005-2020"
74,"employe",2,"2005-2020"
86.1,"ouvrier",2,"2005-2020"
64.4,"ouvrier",1,"2005-2020"
86.8,"ouvrier",2,"2005-2020"
88.1,"employe",2,"2005-2020"
74.8,"ouvrier",1,"2005-2020"
87.3,"cadre",2,"2005-2020"
78.5,"ouvrier",2,"2005-2020"
71,"cadre",1,"2005-2020"
96.9,"cadre",2,"2005-2020"
76.1,"cadre",2,"2005-2020"
103,"cadre",2,"2005-2020"
64.4,"cadre",1,"2005-2020"
73.5,"employe",1,"2005-2020"
55.5,"ouvrier",1,"2005-2020"
91.4,"cadre",2,"2005-2020"
91.6,"cadre",2,"2005-2020"
90.6,"ouvrier",2,"2005-2020"
74.9,"employe",1,"2005-2020"
77.7,"employe",1,"2005-2020"
89.2,"ouvrier",2,"2005-2020"
74.7,"employe",2,"2005-2020"
83.1,"employe",2,"2005-2020"
65.1,"employe",1,"2005-2020"
81.7,"employe",2,"2005-2020"
86,"ouvrier",1,"2005-2020"
71,"ouvrier",1,"2005-2020"
87.3,"employe",2,"2005-2020"
73.9,"employe",1,"2005-2020"
91.2,"ouvrier",1,"2005-2020"
87.1,"cadre",2,"2005-2020"
70.3,"employe",1,"2005-2020"
87.2,"cadre",1,"2005-2020"
71.7,"employe",1,"2005-2020"
96.5,"ouvrier",1,"2005-2020"
83.9,"ouvrier",1,"2005-2020"
87.2,"employe",1,"2005-2020"
84.1,"employe",1,"2005-2020"
72.4,"employe",2,"2005-2020"
67.2,"cadre",1,"2005-2020"
88.9,"cadre",2,"2005-2020"
87,"employe",2,"2005-2020"
88.3,"cadre",2,"2005-2020"
87.1,"employe",2,"2005-2020"
89.1,"employe",2,"2005-2020"
61.7,"ouvrier",1,"2005-2020"
84.4,"ouvrier",1,"2005-2020"
64.9,"employe",1,"2005-2020"
83.7,"cadre",1,"2005-2020"
104.8,"cadre",2,"2005-2020"
88.8,"employe",2,"2005-2020"
84.7,"cadre",2,"2005-2020"
88.3,"ouvrier",2,"2005-2020"
86.7,"cadre",1,"2005-2020"
81.2,"employe",1,"2005-2020"
89.2,"ouvrier",2,"2005-2020"
89.8,"ouvrier",2,"2005-2020"
87.4,"employe",2,"2005-2020"
70.5,"employe",1,"2005-2020"
84.9,"employe",1,"2005-2020"
72,"cadre",2,"2005-2020"
86.5,"cadre",2,"2005-2020"
86.5,"employe",1,"2005-2020"
86.2,"cadre",1,"2005-2020"
98.8,"ouvrier",2,"2005-2020"
83.2,"employe",1,"2005-2020"
71.8,"ouvrier",2,"2005-2020"
83.1,"ouvrier",1,"2005-2020"
78,"employe",1,"2005-2020"
82.6,"cadre",2,"2005-2020"
77.8,"ouvrier",1,"2005-2020"
83.1,"ouvrier",1,"2005-2020"
86.6,"employe",2,"2005-2020"
75.1,"ouvrier",1,"2005-2020"
85.8,"cadre",2,"2005-2020"
94.5,"cadre",2,"2005-2020"
84.9,"ouvrier",2,"2005-2020"
64.9,"employe",1,"2005-2020"
80.9,"employe",1,"2005-2020"
78.5,"cadre",2,"2005-2020"
74,"ouvrier",1,"2005-2020"
59.8,"employe",1,"2005-2020"
70.6,"cadre",2,"2005-2020"
72,"employe",2,"2005-2020"
53.6,"employe",1,"2005-2020"
81.1,"employe",2,"2005-2020"
84.7,"employe",1,"2005-2020"
88,"ouvrier",2,"2005-2020"
74.7,"ouvrier",1,"2005-2020"
68.1,"ouvrier",1,"2005-2020"
54.5,"employe",1,"2005-2020"
65,"ouvrier",1,"2005-2020"
65.7,"employe",1,"2005-2020"
94.3,"cadre",1,"2005-2020"
92,"cadre",1,"2005-2020"
86.2,"ouvrier",1,"2005-2020"
86.1,"ouvrier",1,"2005-2020"
83.7,"cadre",1,"2005-2020"
106.1,"cadre",2,"2005-2020"
95.3,"employe",2,"2005-2020"
86.7,"cadre",2,"2005-2020"
63.7,"employe",2,"2005-2020"
56.9,"ouvrier",2,"2005-2020"
101.8,"ouvrier",1,"2005-2020"
84.5,"ouvrier",2,"2005-2020"
83.4,"ouvrier",2,"2005-2020"
93.4,"ouvrier",2,"2005-2020"
84.2,"ouvrier",2,"2005-2020"
92.3,"ouvrier",2,"2005-2020"
75.6,"cadre",1,"2005-2020"
87.5,"employe",1,"2005-2020"
82.5,"employe",2,"2005-2020"
90.1,"ouvrier",2,"2005-2020"
79.4,"cadre",2,"2005-2020"
79,"employe",1,"2005-2020"
86.8,"ouvrier",2,"2005-2020"
76.4,"employe",2,"2005-2020"
96.9,"employe",2,"2005-2020"
93.2,"employe",2,"2005-2020"
70.6,"cadre",2,"2005-2020"
80.7,"employe",2,"2005-2020"
73.1,"employe",2,"2005-2020"
97.5,"employe",2,"2005-2020"
74.7,"employe",1,"2005-2020"
98.6,"employe",1,"2005-2020"
70.7,"employe",1,"2005-2020"
82.9,"cadre",1,"2005-2020"
87.5,"ouvrier",1,"2005-2020"
94.3,"employe",2,"2005-2020"
89.9,"employe",2,"2005-2020"
85.8,"ouvrier",2,"2005-2020"
90.8,"employe",2,"2005-2020"
102.9,"cadre",1,"2005-2020"
83.7,"cadre",2,"2005-2020"
94.4,"ouvrier",2,"2005-2020"
70.6,"employe",1,"2005-2020"
71,"employe",2,"2005-2020"
88.2,"ouvrier",2,"2005-2020"
78.9,"cadre",1,"2005-2020"
95.4,"employe",2,"2005-2020"
70.7,"ouvrier",2,"2005-2020"
56.4,"employe",1,"2005-2020"
73.5,"ouvrier",1,"2005-2020"
96.7,"ouvrier",2,"2005-2020"
86.4,"ouvrier",1,"2005-2020"
73.4,"ouvrier",1,"2005-2020"
75.7,"employe",1,"2005-2020"
74.5,"employe",1,"2005-2020"
94.3,"employe",2,"2005-2020"
75.1,"employe",1,"2005-2020"
73.3,"ouvrier",2,"2005-2020"
68.1,"cadre",1,"2005-2020"
95.9,"employe",2,"2005-2020"
65.9,"employe",2,"2005-2020"
66.5,"cadre",1,"2005-2020"
73.9,"ouvrier",2,"2005-2020"
85.4,"cadre",1,"2005-2020"
81,"employe",1,"2005-2020"
77.5,"cadre",1,"2005-2020"
83.5,"employe",2,"2005-2020"
67.4,"cadre",1,"2005-2020"
64.3,"ouvrier",2,"2005-2020"
74.6,"employe",1,"2005-2020"
75.8,"employe",1,"2005-2020"
80.2,"ouvrier",2,"2005-2020"
74.4,"cadre",1,"2005-2020"
72.6,"employe",1,"2005-2020"
81.3,"employe",1,"2005-2020"
57.7,"employe",1,"2005-2020"
89.4,"employe",2,"2005-2020"
82.4,"ouvrier",2,"2005-2020"
69.4,"employe",2,"2005-2020"
85.4,"ouvrier",2,"2005-2020"
88.3,"ouvrier",1,"2005-2020"
75.6,"employe",1,"2005-2020"
91.5,"employe",2,"2005-2020"
98.2,"employe",1,"2005-2020"
75.8,"employe",1,"2005-2020"
77.7,"employe",1,"2005-2020"
76,"ouvrier",1,"2005-2020"
70.8,"ouvrier",1,"2005-2020"
89.8,"employe",1,"2005-2020"
101.6,"ouvrier",1,"2005-2020"
90.7,"employe",1,"2005-2020"
90.9,"employe",2,"2005-2020"
61.5,"ouvrier",1,"2005-2020"
77.3,"cadre",1,"2005-2020"
92.8,"employe",2,"2005-2020"
90,"employe",2,"2005-2020"
96.9,"cadre",2,"2005-2020"
77.5,"cadre",2,"2005-2020"
86,"employe",1,"2005-2020"
83.5,"employe",2,"2005-2020"
84.4,"employe",2,"2005-2020"
74.2,"ouvrier",2,"2005-2020"
72.7,"ouvrier",1,"2005-2020"
73.3,"ouvrier",1,"2005-2020"
96.5,"ouvrier",2,"2005-2020"
86.5,"cadre",2,"2005-2020"
79.3,"cadre",2,"2005-2020"
63.1,"ouvrier",1,"2005-2020"
78.2,"ouvrier",1,"2005-2020"
78.3,"employe",2,"2005-2020"
88.5,"ouvrier",2,"2005-2020"
79.9,"ouvrier",1,"2005-2020"
89,"ouvrier",2,"2005-2020"
90.1,"cadre",1,"2005-2020"
70.3,"employe",1,"2005-2020"
89,"employe",1,"2005-2020"
85.1,"ouvrier",1,"2005-2020"
87.2,"employe",1,"2005-2020"
94.3,"employe",1,"2005-2020"
79.8,"cadre",1,"2005-2020"
93,"ouvrier",1,"2005-2020"
70.2,"employe",1,"2005-2020"
68,"employe",2,"2005-2020"
72.3,"employe",1,"2005-2020"
72.9,"employe",2,"2005-2020"
73,"employe",1,"2005-2020"
86.4,"ouvrier",2,"2005-2020"
87.6,"employe",2,"2005-2020"
83,"employe",1,"2005-2020"
76.7,"ouvrier",1,"2005-2020"
79.1,"cadre",1,"2005-2020"
77.4,"employe",2,"2005-2020"
104.3,"employe",2,"2005-2020"
90.3,"ouvrier",1,"2005-2020"
82.6,"employe",2,"2005-2020"
86.1,"cadre",2,"2005-2020"
65.4,"ouvrier",1,"2005-2020"
74.1,"ouvrier",1,"2005-2020"
91.7,"employe",2,"2005-2020"
63.9,"employe",1,"2005-2020"
80.4,"ouvrier",2,"2005-2020"
66.5,"employe",1,"2005-2020"
57.3,"ouvrier",1,"2005-2020"
86.9,"ouvrier",2,"2005-2020"
92.4,"ouvrier",2,"2005-2020"
81.6,"ouvrier",2,"2005-2020"
73.2,"employe",1,"2005-2020"
82.5,"cadre",2,"2005-2020"
66.3,"employe",1,"2005-2020"
67.9,"ouvrier",2,"2005-2020"
86,"cadre",2,"2005-2020"
81.6,"ouvrier",2,"2005-2020"
71.7,"cadre",2,"2005-2020"
104.9,"employe",2,"2005-2020"
68.6,"employe",2,"2005-2020"
102.7,"ouvrier",2,"2005-2020"
80.2,"cadre",1,"2005-2020"
57.7,"ouvrier",1,"2005-2020"
62.2,"ouvrier",1,"2005-2020"
79.6,"employe",1,"2005-2020"
70.9,"cadre",2,"2005-2020"
76.1,"cadre",1,"2005-2020"
83.7,"ouvrier",1,"2005-2020"
88.2,"employe",2,"2005-2020"
75.9,"employe",2,"2005-2020"
74.6,"cadre",1,"2005-2020"
83.7,"employe",2,"2005-2020"
73.4,"employe",1,"2005-2020"
95.4,"employe",2,"2005-2020"
65.5,"cadre",2,"2005-2020"
70.7,"employe",1,"2005-2020"
82.5,"cadre",2,"2005-2020"
68,"employe",1,"2005-2020"
84.8,"employe",1,"2005-2020"
66.6,"ouvrier",1,"2005-2020"
84.5,"employe",1,"2005-2020"
79.4,"employe",2,"2005-2020"
73.7,"ouvrier",1,"2005-2020"
81.9,"cadre",1,"2005-2020"
64.1,"ouvrier",2,"2005-2020"
80.3,"cadre",1,"2005-2020"
74.6,"employe",1,"2005-2020"
71.5,"employe",1,"2005-2020"
86.5,"employe",2,"2005-2020"
87.5,"employe",2,"2005-2020"
96.9,"ouvrier",2,"2005-2020"
77.5,"ouvrier",2,"2005-2020"
79.1,"employe",1,"2005-2020"
95.8,"ouvrier",2,"2005-2020"
95.4,"employe",2,"2005-2020"
88.6,"ouvrier",1,"2005-2020"
85.5,"employe",1,"2005-2020"
77.1,"ouvrier",2,"2005-2020"
69.6,"employe",1,"2005-2020"
91.2,"cadre",2,"2005-2020"
69.1,"employe",1,"2005-2020"
84.9,"employe",1,"2005-2020"
63.3,"ouvrier",2,"2005-2020"
68.5,"employe",2,"2005-2020"
78.3,"employe",1,"2005-2020"
94.3,"cadre",2,"2005-2020"
82.8,"employe",1,"2005-2020"
72.9,"employe",2,"2005-2020"
74.4,"employe",2,"2005-2020"
86.7,"employe",2,"2005-2020"
86.3,"employe",1,"2005-2020"
99.6,"employe",1,"2005-2020"
82.6,"ouvrier",2,"2005-2020"
76,"employe",1,"2005-2020"
99.2,"employe",2,"2005-2020"
76.5,"cadre",1,"2005-2020"
66.9,"employe",1,"2005-2020"
81,"cadre",2,"2005-2020"
75.1,"cadre",2,"2005-2020"
86.2,"ouvrier",1,"2005-2020"
75.4,"employe",2,"2005-2020"
69.6,"employe",1,"2005-2020"
76.4,"ouvrier",2,"2005-2020"
105.4,"cadre",2,"2005-2020"
93.3,"employe",2,"2005-2020"
83.8,"ouvrier",1,"2005-2020"
72.1,"employe",1,"2005-2020"
76.4,"ouvrier",2,"2005-2020"
76.9,"employe",2,"2005-2020"
81.6,"ouvrier",1,"2005-2020"
80.6,"employe",1,"2005-2020"
92.6,"employe",2,"2005-2020"
84.6,"cadre",1,"2005-2020"
95.3,"cadre",1,"2005-2020"
95.5,"ouvrier",2,"2005-2020"
96.5,"cadre",2,"2005-2020"
90.6,"employe",2,"2005-2020"
83.7,"employe",2,"2005-2020"
93.2,"employe",2,"2005-2020"
85.8,"ouvrier",2,"2005-2020"
59.4,"ouvrier",1,"2005-2020"
87.6,"employe",1,"2005-2020"
75.8,"ouvrier",1,"2005-2020"
88.5,"ouvrier",2,"2005-2020"
69.6,"employe",1,"2005-2020"
91.2,"employe",1,"2005-2020"
80.5,"ouvrier",1,"2005-2020"
77.3,"cadre",2,"2005-2020"
94.7,"ouvrier",2,"2005-2020"
94.9,"ouvrier",2,"2005-2020"
64.8,"ouvrier",1,"2005-2020"
63.2,"ouvrier",1,"2005-2020"
81.2,"employe",1,"2005-2020"
76,"employe",2,"2005-2020"
90.7,"employe",2,"2005-2020"
86,"cadre",2,"2005-2020"
76.4,"employe",1,"2005-2020"
66.8,"employe",1,"2005-2020"
60.5,"ouvrier",2,"2005-2020"
85.4,"employe",2,"2005-2020"
82.2,"cadre",2,"2005-2020"
77.3,"employe",1,"2005-2020"
102,"cadre",2,"2005-2020"
96,"ouvrier",2,"2005-2020"
76.8,"ouvrier",1,"2005-2020"
84.8,"cadre",1,"2005-2020"
94.8,"employe",1,"2005-2020"
83.7,"employe",1,"2005-2020"
82.8,"employe",2,"2005-2020"
78.7,"cadre",1,"2005-2020"
84.1,"cadre",2,"2005-2020"
104.2,"ouvrier",2,"2005-2020"
76.2,"ouvrier",1,"2005-2020"
90.2,"cadre",2,"2005-2020"
78.3,"cadre",2,"2005-2020"
72.1,"employe",1,"2005-2020"
64.1,"ouvrier",1,"2005-2020"
93.2,"employe",2,"2005-2020"
91.7,"ouvrier",2,"2005-2020"
67.3,"employe",1,"2005-2020"
68.7,"ouvrier",1,"2005-2020"
80.7,"employe",2,"2005-2020"
82.3,"ouvrier",1,"2005-2020"
71,"employe",1,"2005-2020"
86.2,"employe",2,"2005-2020"
80.8,"employe",1,"2005-2020"
49.9,"employe",2,"2005-2020"
76,"employe",2,"2005-2020"
74.7,"employe",1,"2005-2020"
83.3,"employe",1,"2005-2020"
61.1,"ouvrier",2,"2005-2020"
79,"employe",1,"2005-2020"
82,"ouvrier",1,"2005-2020"
72.8,"employe",1,"2005-2020"
96.5,"employe",2,"2005-2020"
76.5,"employe",1,"2005-2020"
77.4,"ouvrier",1,"2005-2020"
81.1,"cadre",1,"2005-2020"
69.7,"ouvrier",2,"2005-2020"
76.6,"employe",1,"2005-2020"
94.6,"employe",2,"2005-2020"
77,"cadre",1,"2005-2020"
76.6,"employe",2,"2005-2020"
85.3,"employe",2,"2005-2020"
82.8,"employe",2,"2005-2020"
64.9,"cadre",2,"2005-2020"
88,"cadre",2,"2005-2020"
93.5,"employe",2,"2005-2020"
69.9,"ouvrier",2,"2005-2020"
73.7,"employe",1,"2005-2020"
80.6,"employe",1,"2005-2020"
72.9,"cadre",1,"2005-2020"
100,"employe",2,"2005-2020"
75.7,"employe",1,"2005-2020"
76.4,"employe",1,"2005-2020"
70.6,"ouvrier",2,"2005-2020"
89.3,"employe",1,"2005-2020"
73.6,"employe",1,"2005-2020"
85.2,"employe",2,"2005-2020"
84.8,"employe",1,"2005-2020"
69.7,"employe",2,"2005-2020"
67.6,"employe",1,"2005-2020"
90.5,"employe",2,"2005-2020"
83.2,"cadre",2,"2005-2020"
80.5,"employe",2,"2005-2020"
88.8,"ouvrier",1,"2005-2020"
87.9,"employe",1,"2005-2020"
93.8,"ouvrier",2,"2005-2020"
79.2,"employe",2,"2005-2020"
65.3,"employe",2,"2005-2020"
70.9,"cadre",2,"2005-2020"
87.6,"employe",1,"2005-2020"
91.7,"employe",1,"2005-2020"
87.4,"cadre",2,"2005-2020"
95.5,"employe",2,"2005-2020"
63.7,"employe",1,"2005-2020"
93,"employe",2,"2005-2020"
71,"employe",1,"2005-2020"
82.3,"employe",1,"2005-2020"
87.5,"employe",2,"2005-2020"
84,"employe",2,"2005-2020"
76.9,"cadre",2,"2005-2020"
106.6,"ouvrier",2,"2005-2020"
94,"employe",1,"2005-2020"
78.7,"employe",1,"2005-2020"
101.7,"cadre",2,"2005-2020"
85.9,"cadre",1,"2005-2020"
84.6,"employe",1,"2005-2020"
96.7,"employe",2,"2005-2020"
89.3,"ouvrier",2,"2005-2020"
77.9,"employe",1,"2005-2020"
84.2,"employe",1,"2005-2020"
94.6,"ouvrier",2,"2005-2020"
88.3,"ouvrier",1,"2005-2020"
90.6,"cadre",2,"2005-2020"
73.3,"employe",1,"2005-2020"
100.6,"employe",1,"2005-2020"
75.6,"employe",2,"2005-2020"
68.4,"cadre",2,"2005-2020"
87.2,"employe",2,"2005-2020"
94.3,"employe",2,"2005-2020"
76,"employe",1,"2005-2020"
107,"ouvrier",2,"2005-2020"
72.3,"cadre",2,"2005-2020"
93.1,"cadre",1,"2005-2020"
92.2,"ouvrier",2,"2005-2020"
86.2,"cadre",2,"2005-2020"
87.1,"ouvrier",2,"2005-2020"
73.2,"employe",2,"2005-2020"
68.3,"ouvrier",2,"2005-2020"
101.1,"ouvrier",2,"2005-2020"
81.5,"ouvrier",2,"2005-2020"
72.2,"ouvrier",1,"2005-2020"
65.7,"employe",1,"2005-2020"
66.8,"ouvrier",2,"2005-2020"
104.8,"ouvrier",2,"2005-2020"
75.8,"employe",2,"2005-2020"
82,"ouvrier",1,"2005-2020"
88.8,"ouvrier",2,"2005-2020"
83.4,"employe",1,"2005-2020"
82.4,"employe",2,"2005-2020"
96.6,"employe",2,"2005-2020"
95.1,"ouvrier",1,"2005-2020"
84.2,"cadre",2,"2005-2020"
95.1,"employe",2,"2005-2020"
79.2,"ouvrier",1,"2005-2020"
77.4,"employe",1,"2005-2020"
76.8,"employe",1,"2005-2020"
62.6,"ouvrier",2,"2005-2020"
70.7,"employe",1,"2005-2020"
91.7,"cadre",2,"2005-2020"
77.2,"employe",2,"2005-2020"
85.6,"cadre",2,"2005-2020"
60.9,"employe",1,"2005-2020"
86.9,"employe",2,"2005-2020"
86.4,"ouvrier",2,"2005-2020"
78,"cadre",2,"2005-2020"
68.9,"employe",2,"2005-2020"
62.2,"employe",1,"2005-2020"
79.3,"employe",1,"2005-2020"
86.5,"employe",2,"2005-2020"
81.2,"employe",2,"2005-2020"
67.2,"ouvrier",1,"2005-2020"
75,"ouvrier",1,"2005-2020"
92.9,"employe",2,"2005-2020"
80.4,"employe",1,"2005-2020"
82.7,"employe",1,"2005-2020"
79.7,"employe",1,"2005-2020"
77.7,"employe",2,"2005-2020"
97.4,"ouvrier",2,"2005-2020"
71.3,"employe",2,"2005-2020"
77.4,"ouvrier",1,"2005-2020"
86,"cadre",1,"2005-2020"
87.4,"cadre",2,"2005-2020"
84.1,"ouvrier",1,"2005-2020"
86.1,"ouvrier",1,"2005-2020"
80.8,"ouvrier",1,"2005-2020"
75,"employe",1,"2005-2020"
79.4,"employe",2,"2005-2020"
92.2,"employe",2,"2005-2020"
59.9,"employe",1,"2005-2020"
99.1,"employe",2,"2005-2020"
82.3,"employe",1,"2005-2020"
92,"employe",2,"2005-2020"
73.3,"employe",2,"2005-2020"
98.4,"ouvrier",2,"2005-2020"
73.4,"ouvrier",1,"2005-2020"
76.4,"ouvrier",1,"2005-2020"
84.6,"ouvrier",2,"2005-2020"
70.4,"employe",1,"2005-2020"
90.2,"employe",2,"2005-2020"
91.3,"ouvrier",2,"2005-2020"
80.8,"employe",2,"2005-2020"
90.3,"cadre",2,"2005-2020"
75,"ouvrier",1,"2005-2020"
73,"ouvrier",1,"2005-2020"
89.3,"employe",2,"2005-2020"
61.8,"employe",1,"2005-2020"
81.1,"employe",2,"2005-2020"
75.2,"ouvrier",2,"2005-2020"
84.3,"ouvrier",2,"2005-2020"
80.2,"employe",2,"2005-2020"
78.2,"employe",1,"2005-2020"
91.7,"ouvrier",2,"2005-2020"
81.1,"employe",1,"2005-2020"
107.5,"employe",2,"2005-2020"
79.6,"cadre",2,"2005-2020"
100.4,"ouvrier",2,"2005-2020"
68.4,"employe",1,"2005-2020"
67.2,"employe",2,"2005-2020"
83.3,"employe",2,"2005-2020"
89.7,"employe",2,"2005-2020"
96.9,"ouvrier",2,"2005-2020"
72.8,"employe",1,"2005-2020"
90.7,"employe",2,"2005-2020"
104.6,"ouvrier",2,"2005-2020"
50.8,"ouvrier",1,"2005-2020"
66.7,"ouvrier",1,"2005-2020"
71,"ouvrier",2,"2005-2020"
81.9,"employe",2,"2005-2020"
75.5,"employe",1,"2005-2020"
76.5,"employe",1,"2005-2020"
72.3,"ouvrier",1,"2005-2020"
81.7,"cadre",2,"2005-2020"
100.3,"cadre",2,"2005-2020"
78.7,"ouvrier",2,"2005-2020"
93.5,"employe",2,"2005-2020"
88.8,"employe",2,"2005-2020"
73.9,"cadre",1,"2005-2020"
73.9,"ouvrier",1,"2005-2020"
78.4,"employe",1,"2005-2020"
97.4,"employe",2,"2005-2020"
92.4,"employe",2,"2005-2020"
76.4,"employe",1,"2005-2020"
80,"cadre",1,"2005-2020"
76.2,"employe",2,"2005-2020"
100.2,"employe",2,"2005-2020"
77.4,"ouvrier",1,"2005-2020"
67.8,"ouvrier",2,"2005-2020"
103.6,"employe",2,"2005-2020"
66.6,"ouvrier",1,"2005-2020"
81.5,"employe",1,"2005-2020"
87.5,"ouvrier",2,"2005-2020"
95.5,"employe",1,"2005-2020"
72.1,"cadre",2,"2005-2020"
101.2,"employe",1,"2005-2020"
66.3,"ouvrier",1,"2005-2020"
68.3,"ouvrier",1,"2005-2020"
109.3,"cadre",2,"2005-2020"
89.3,"cadre",1,"2005-2020"
64.8,"ouvrier",2,"2005-2020"
87.3,"cadre",2,"2005-2020"
79.6,"ouvrier",2,"2005-2020"
69.7,"employe",1,"2005-2020"
86.6,"ouvrier",2,"2005-2020"
89.9,"employe",1,"2005-2020"
106.5,"cadre",2,"2005-2020"
74.3,"employe",2,"2005-2020"
95.9,"employe",1,"2005-2020"
85,"employe",1,"2005-2020"
85.1,"ouvrier",1,"2005-2020"
85.7,"ouvrier",2,"2005-2020"
87,"employe",1,"2005-2020"
90.6,"employe",2,"2005-2020"
65.9,"employe",2,"2005-2020"
58.2,"employe",1,"2005-2020"
88.5,"ouvrier",1,"2005-2020"
67.6,"employe",2,"2005-2020"
76.6,"employe",2,"2005-2020"
85.1,"ouvrier",2,"2005-2020"
74.5,"employe",2,"2005-2020"
97.4,"employe",2,"2005-2020"
91.1,"ouvrier",2,"2005-2020"
70,"cadre",1,"2005-2020"
66.2,"ouvrier",1,"2005-2020"
73.8,"ouvrier",1,"2005-2020"
71.7,"employe",2,"2005-2020"
84.1,"employe",1,"2005-2020"
82.1,"cadre",2,"2005-2020"
76.7,"employe",2,"2005-2020"
84.3,"employe",1,"2005-2020"
70.2,"employe",1,"2005-2020"
87.4,"cadre",2,"2005-2020"
89,"ouvrier",2,"2005-2020"
63.1,"employe",1,"2005-2020"
99.9,"employe",2,"2005-2020"
91.6,"employe",2,"2005-2020"
97,"ouvrier",2,"2005-2020"
78,"employe",1,"2005-2020"
63.3,"ouvrier",1,"2005-2020"
94.5,"employe",1,"2005-2020"
89.7,"employe",2,"2005-2020"
99,"ouvrier",2,"2005-2020"
92.5,"employe",2,"2005-2020"
94.8,"ouvrier",2,"2005-2020"
74.7,"employe",2,"2005-2020"
70.9,"employe",1,"2005-2020"
76.4,"ouvrier",2,"2005-2020"
88.2,"cadre",1,"2005-2020"
91.7,"employe",2,"2005-2020"
66,"employe",1,"2005-2020"
96.1,"employe",2,"2005-2020"
76.3,"ouvrier",1,"2005-2020"
105.7,"employe",2,"2005-2020"
82.3,"ouvrier",1,"2005-2020"
76.8,"cadre",2,"2005-2020"
78.8,"employe",2,"2005-2020"
84.5,"cadre",2,"2005-2020"
78.5,"cadre",2,"2005-2020"
78.3,"employe",1,"2005-2020"
84.2,"employe",2,"2005-2020"
80.8,"ouvrier",2,"2005-2020"
87.8,"employe",2,"2005-2020"
84.2,"ouvrier",2,"2005-2020"
70,"employe",1,"2005-2020"
74.8,"employe",2,"2005-2020"
82.3,"ouvrier",1,"2005-2020"
75.2,"employe",2,"2005-2020"
88.3,"employe",2,"2005-2020"
86,"cadre",2,"2005-2020"
73.3,"cadre",1,"2005-2020"
94.6,"employe",2,"2005-2020"
70.5,"ouvrier",1,"2005-2020"
89.9,"employe",2,"2005-2020"
69,"cadre",1,"2005-2020"
72.3,"employe",1,"2005-2020"
78.8,"ouvrier",2,"2005-2020"
78.8,"employe",2,"2005-2020"
74.6,"employe",1,"2005-2020"
89.3,"employe",2,"2005-2020"
68.5,"ouvrier",1,"2005-2020"
79.6,"employe",1,"2005-2020"
89.9,"cadre",1,"2005-2020"
98.7,"ouvrier",2,"2005-2020"
88.5,"ouvrier",2,"2005-2020"
59.8,"employe",1,"2005-2020"
74.6,"ouvrier",2,"2005-2020"
70,"employe",1,"2005-2020"
80.4,"cadre",2,"2005-2020"
69.7,"employe",1,"2005-2020"
60.1,"ouvrier",1,"2005-2020"
77.3,"employe",1,"2005-2020"
90.6,"cadre",1,"2005-2020"
